Model,Best Parameters,Best Score,Test Accuracy,Precision,Recall,F1 Score,Confusion Matrix,ROC AUC,Time Taken (seconds)
Logistic Regression,"{'model__solver': 'liblinear', 'model__penalty': 'l2', 'model__max_iter': 50, 'model__class_weight': None, 'model__C': 0.01}",0.13865887295478027,0.579756651958818,0.07897971727105102,0.6377171215880894,0.14055236532677057,"[[4079 2997]
 [ 146  257]]",0.632446798811065,5.48
K-Nearest Neighbors (KNN),"{'model__weights': 'uniform', 'model__n_neighbors': 9, 'model__algorithm': 'brute'}",0.1262368656457506,0.6654632972322503,0.07040523945968072,0.4267990074441687,0.12087139845397049,"[[4805 2271]
 [ 231  172]]",0.5797900357269602,458.9
XGBoost,"{'model__subsample': 0.7, 'model__n_estimators': 50, 'model__max_depth': 3, 'model__learning_rate': 0.001}",0.11112145358548631,0.7408744484556758,0.06466250709018719,0.28287841191067,0.10526315789473684,"[[5427 1649]
 [ 289  114]]",0.5647910597034396,63.25
Histogram Gradient Boosting,"{'model__max_iter': 100, 'model__max_depth': 3, 'model__learning_rate': 0.01, 'model__l2_regularization': 1.0}",0.09335238027530682,0.9167000935954005,0.08333333333333333,0.05459057071960298,0.06596701649175413,"[[6834  242]
 [ 381   22]]",0.6211180069770671,55.32
Random Forest,"{'model__n_estimators': 300, 'model__min_samples_split': 5, 'model__max_depth': 10, 'model__class_weight': None}",0.03152111916884472,0.935686589116192,0.1320754716981132,0.034739454094292806,0.0550098231827112,"[[6984   92]
 [ 389   14]]",0.6201548729357407,154.86
Light Gradient Boosting Machine (LGBM),"{'model__subsample': 1.0, 'model__num_leaves': 50, 'model__n_estimators': 200, 'model__max_depth': -1, 'model__learning_rate': 0.2, 'model__class_weight': 'balanced'}",0.02789141546586272,0.9421045594330792,0.10526315789473684,0.009925558312655087,0.018140589569160998,"[[7042   34]
 [ 399    4]]",0.6541566782203008,19.29
